Grace,Wambui,Daystar University,Athi River Campus,Communication,BA Communication,2,F,20,Kajiado,76,12,3.12,7,5,18
Peter,Njoro,University of Nairobi,Nairobi City Campus,Law,LLB,3,M,22,Mombasa,79,16,3.46,6,6,21
Mercy,Chepkorir,Egerton University,Njoro Campus,Science,BSc Biology,1,F,19,Bomet,67,8,2.74,5,8,18
Dennis,Odhiambo,Maseno University,Main Campus,Business,BBM,2,M,20,Siaya,73,10,3.01,6,7,18
Stacy,Makena,JKUAT,Main Campus,IT,BSc IT,2,F,20,Kirinyaga,82,14,3.41,7,5,18
Evans,Maina,Strathmore University,Madaraka Campus,Business,BCom,4,M,24,Nairobi,90,19,3.82,8,3,24
Joy,Kavutha,Mount Kenya University,Thika Campus,Business,BBA,1,F,19,Murang'a,71,9,2.89,6,7,18
Ian,Kimathi,Technical University of Kenya,Main Campus,IT,Diploma IT,3,M,21,Nairobi,75,12,3.09,7,6,21
Sarah,Nekesa,USIU-Africa,Kasarani Campus,International Relations,BA IR,2,F,20,Nairobi,85,14,3.64,8,4,18
Geoffrey,Kibet,Daystar University,Athi River Campus,Business,BBA,4,M,23,Kitui,80,15,3.48,7,6,24
Lilian,Atieno,University of Nairobi,Nairobi City Campus,Business,BBM,1,F,18,Kisumu,84,13,3.25,7,5,18
Felix,Mutua,Kenyatta University,Main Campus,Education,BEd Arts,4,M,24,Machakos,72,11,2.85,6,7,24
Brenda,Wairimu,JKUAT,Main Campus,Engineering,BSc Civil Eng,2,F,21,Murang'a,80,16,3.31,7,6,18
Andrew,Kiptoo,Strathmore University,Madaraka Campus,IT,BBIT,3,M,22,Uasin Gishu,94,20,3.91,9,2,21
Cynthia,Moraa,Egerton University,Njoro Campus,Agriculture,BSc Agribusiness,3,F,22,Kisii,79,12,3.15,6,6,21
Martin,Walubengo,Maseno University,Main Campus,Science,BSc Computer Science,1,M,19,Bungoma,68,10,2.78,5,7,18
Catherine,Syokau,Technical University of Kenya,Main Campus,Engineering,Diploma Electrical,1,F,19,Machakos,74,11,2.95,6,6,18
Robert,Korir,USIU-Africa,Kasarani Campus,Business,BBA,2,M,20,Kericho,87,14,3.58,8,4,18
Nancy,Wambui,Mount Kenya University,Thika Campus,Health Sciences,BSc Nursing,4,F,23,Nyeri,83,16,3.42,7,5,24
David,Kioko,Daystar University,Athi River Campus,Communication,BA Communication,3,M,22,Makueni,77,13,3.18,7,6,21
Leah,Chebet,University of Nairobi,Main Campus,Science,BSc Statistics,1,F,18,Bomet,86,17,3.48,8,5,18
Simon,Kariuki,Kenyatta University,Main Campus,Business,BCom,2,M,21,Nyandarua,80,14,3.31,7,6,18
Caroline,Mwikali,Egerton University,Njoro Campus,Science,BSc Biology,3,F,22,Kitui,70,9,2.78,6,8,21
Timothy,Baraza,Maseno University,Main Campus,Business,BBM,1,M,19,Kakamega,76,11,2.98,6,7,18
Rachael,Kwamboka,Strathmore University,Madaraka Campus,Business,BCom,3,F,22,Nyamira,92,18,3.85,9,3,21
Antony,Kimani,JKUAT,Main Campus,IT,BSc IT,4,M,23,Kiambu,83,16,3.42,7,5,24
Rosemary,Akinyi,Mount Kenya University,Thika Campus,Business,BBA,2,F,21,Siaya,73,10,2.92,6,7,18
Brian,Kibet,Technical University of Kenya,Main Campus,IT,Diploma IT,1,M,19,Nandi,77,13,3.12,7,6,18
Evelyne,Muthoni,USIU-Africa,Kasarani Campus,International Relations,BA IR,3,F,22,Embu,86,15,3.62,8,4,21
Thomas,Omondi,Daystar University,Athi River Campus,Business,BBA,2,M,21,Homa Bay,82,14,3.45,7,6,18
Mercyline,Cherono,University of Nairobi,Main Campus,Business,BBM,3,F,22,Kericho,75,12,3.10,6,7,21
James,Wafula,Kenyatta University,Main Campus,Science,BSc Computer Science,1,M,18,Bungoma,89,17,3.69,8,4,18
Priscilla,Gathoni,JKUAT,Main Campus,Agriculture,BSc Agribusiness,2,F,20,Kirinyaga,80,13,3.26,7,6,18
Dominic,Kiptoo,Strathmore University,Madaraka Campus,Law,LLB,4,M,23,Narok,95,21,3.95,9,2,24
Ruth,Wambui,Egerton University,Njoro Campus,Education,BEd Arts,1,F,19,Nakuru,74,10,2.82,6,7,18
Kennedy,Mutua,Maseno University,Main Campus,Engineering,BSc Civil Eng,3,M,22,Machakos,71,15,3.08,6,7,21
Janet,Mwikali,Technical University of Kenya,Main Campus,Science,BSc Statistics,2,F,20,Kitui,78,12,3.04,7,6,18
Evans,Kipchirchir,USIU-Africa,Kasarani Campus,IT,BBIT,4,M,23,Uasin Gishu,88,18,3.75,8,4,24
Gloria,Chebet,Mount Kenya University,Thika Campus,Communication,BA Communication,1,F,18,Kericho,76,11,3.09,7,6,18
Samson,Musyoki,Daystar University,Athi River Campus,Health Sciences,BSc Nursing,3,M,22,Makueni,81,14,3.34,7,5,21
Mary,Wanjiku,University of Nairobi,Main Campus,Engineering,BSc Civil Eng,4,F,23,Kiambu,82,19,3.61,7,6,24
Nicholas,Kamau,Kenyatta University,Main Campus,IT,BSc IT,2,M,20,Murang'a,85,15,3.46,8,5,18
Faith,Chepkoech,JKUAT,Main Campus,Business,BCom,3,F,22,Bomet,77,13,3.12,6,7,21
Jackson,Omondi,Strathmore University,Madaraka Campus,Science,BSc Computer Science,1,M,19,Kisumu,93,18,3.88,9,3,18
Hellen,Muthoni,Egerton University,Njoro Campus,IT,Diploma IT,2,F,21,Embu,73,10,2.88,6,8,18
Collins,Kiprop,Maseno University,Main Campus,Law,LLB,4,M,24,Elgeyo Marakwet,79,16,3.43,7,6,24
Susan,Kwamboka,Technical University of Kenya,Main Campus,Business,BBA,3,F,22,Nyamira,74,11,2.96,6,7,21
George,Kipkemboi,USIU-Africa,Kasarani Campus,Health Sciences,BSc Nursing,1,M,19,Nandi,87,15,3.66,8,4,18
Florence,Wambui,Mount Kenya University,Thika Campus,Science,BSc Biology,2,F,20,Nyandarua,78,12,3.15,7,6,18
Richard,Mutua,Daystar University,Athi River Campus,Agriculture,BSc Agribusiness,4,M,23,Machakos,75,13,3.01,6,7,24
Veronicah,Njeri,University of Nairobi,Main Campus,Education,BEd Arts,1,F,18,Kiambu,86,14,3.50,8,5,18
Gilbert,Kiptoo,Kenyatta University,Main Campus,Communication,BA Communication,3,M,22,Uasin Gishu,79,13,3.20,7,6,21
Naomi,Makena,JKUAT,Main Campus,International Relations,BA IR,2,F,20,Meru,83,14,3.37,7,5,18
Simeon,Maina,Strathmore University,Madaraka Campus,Engineering,BSc Civil Eng,4,M,24,Nairobi,91,20,3.84,9,3,24
Judy,Chepkemoi,Egerton University,Njoro Campus,Science,BSc Statistics,1,F,19,Kericho,75,11,3.08,7,7,18
Oscar,Odhiambo,Maseno University,Main Campus,IT,BBIT,3,M,22,Kisumu,68,10,2.75,5,8,21
Brenda,Syokau,Technical University of Kenya,Main Campus,Agriculture,BSc Agribusiness,2,F,21,Machakos,72,11,2.98,6,7,18
Leonard,Kiprop,USIU-Africa,Kasarani Campus,Law,LLB,1,M,19,Uasin Gishu,89,16,3.72,8,4,18
Monica,Wairimu,Mount Kenya University,Thika Campus,Engineering,Diploma Electrical,3,F,22,Murang'a,71,10,2.89,6,7,21
Arthur,Musyoka,Daystar University,Athi River Campus,IT,BSc IT,2,M,20,Makueni,80,14,3.35,7,6,18
Nancy,Atieno,University of Nairobi,Main Campus,Science,BSc Computer Science,4,F,23,Kisumu,84,18,3.58,7,5,24
Christopher,Kamau,Kenyatta University,Main Campus,Agriculture,BSc Agribusiness,1,M,18,Nyandarua,81,13,3.22,7,6,18
Damaris,Chepkoech,JKUAT,Main Campus,Education,BEd Arts,2,F,20,Bomet,76,11,3.06,6,7,18
Patrick,Omondi,Strathmore University,Madaraka Campus,International Relations,BA IR,3,M,22,Kisumu,94,19,3.93,9,2,21
Agnes,Muthoni,Egerton University,Njoro Campus,Engineering,BSc Civil Eng,4,F,23,Embu,73,15,3.09,6,7,24
Solomon,Kipkemboi,Maseno University,Main Campus,Communication,BA Communication,1,M,19,Nandi,72,11,2.94,6,7,18
Cynthia,Kawira,Technical University of Kenya,Main Campus,Science,BSc Biology,3,F,22,Meru,75,12,3.13,7,6,21
Michael,Wafula,USIU-Africa,Kasarani Campus,Education,BEd Arts,2,M,21,Bungoma,86,15,3.63,8,4,18
Beatrice,Mwikali,Mount Kenya University,Thika Campus,IT,BBIT,4,F,23,Machakos,78,14,3.25,7,6,24
Edwin,Mutua,Daystar University,Athi River Campus,Science,BSc Statistics,1,M,19,Kitui,77,12,3.14,7,6,18
Miriam,Wanjiku,University of Nairobi,Main Campus,Business,BCom,2,F,21,Kiambu,85,16,3.54,8,5,18
Paul,Mwangi,Kenyatta University,Main Campus,Engineering,Diploma Electrical,3,M,22,Nyeri,78,13,3.21,7,6,21
Stacy,Akinyi,JKUAT,Main Campus,Health Sciences,BSc Nursing,4,F,23,Siaya,74,14,2.99,6,7,24
Simeon,Kariuki,Strathmore University,Madaraka Campus,Agriculture,BSc Agribusiness,1,M,18,Nyandarua,92,17,3.87,9,3,18
Judy,Chepkemoi,Egerton University,Njoro Campus,Law,LLB,2,F,20,Kericho,77,14,3.16,7,6,18
Oscar,Odhiambo,Maseno University,Main Campus,Science,BSc Statistics,3,M,22,Kisumu,69,11,2.86,5,8,21
Brenda,Syokau,Technical University of Kenya,Main Campus,Education,BEd Arts,1,F,19,Machakos,71,10,2.87,6,7,18
Leonard,Kiprop,USIU-Africa,Kasarani Campus,Engineering,BSc Civil Eng,2,M,20,Uasin Gishu,88,16,3.74,8,4,18
Monica,Wairimu,Mount Kenya University,Thika Campus,Agriculture,BSc Agribusiness,3,F,22,Murang'a,73,12,3.02,6,7,21
Arthur,Musyoka,Daystar University,Athi River Campus,Law,LLB,4,M,23,Kitui,82,17,3.60,8,5,24
Nancy,Atieno,University of Nairobi,Main Campus,IT,BBIT,1,F,18,Kisumu,87,15,3.56,8,4,18
Christopher,Kamau,Kenyatta University,Main Campus,Science,BSc Biology,2,M,20,Murang'a,80,12,3.18,7,6,18
Damaris,Chepkoech,JKUAT,Main Campus,Communication,BA Communication,3,F,22,Bomet,75,13,3.11,6,7,21
Patrick,Omondi,Strathmore University,Madaraka Campus,Science,BSc Statistics,4,M,23,Kisumu,93,19,3.90,9,2,24
Agnes,Muthoni,Egerton University,Njoro Campus,Business,BBA,1,F,19,Embu,74,10,2.90,6,7,18
Solomon,Kipkemboi,Maseno University,Main Campus,Health Sciences,BSc Nursing,2,M,20,Nandi,70,12,2.95,6,7,18
Cynthia,Kawira,Technical University of Kenya,Main Campus,International Relations,BA IR,3,F,22,Meru,73,11,2.97,6,7,21
Michael,Wafula,USIU-Africa,Kasarani Campus,Science,BSc Computer Science,4,M,24,Bungoma,89,20,3.82,9,3,24
Beatrice,Mwikali,Mount Kenya University,Thika Campus,Education,BEd Arts,1,F,18,Machakos,76,11,3.07,7,6,18
Edwin,Mutua,Daystar University,Athi River Campus,Engineering,BSc Civil Eng,3,M,22,Kitui,79,16,3.33,7,5,21
Miriam,Wanjiku,University of Nairobi,Main Campus,Engineering,Diploma Electrical,1,F,19,Kiambu,83,14,3.36,7,5,18
Paul,Mwangi,Kenyatta University,Main Campus,IT,BBIT,2,M,21,Nyeri,78,13,3.23,7,6,18
Stacy,Akinyi,JKUAT,Main Campus,Science,BSc Biology,3,F,22,Siaya,74,12,3.00,6,7,21
Simeon,Kariuki,Strathmore University,Madaraka Campus,Education,BEd Arts,4,M,24,Nyandarua,91,19,3.86,9,3,24
Judy,Chepkemoi,Egerton University,Njoro Campus,Communication,BA Communication,1,F,18,Kericho,75,11,3.13,7,6,18
Oscar,Odhiambo,Maseno University,Main Campus,Agriculture,BSc Agribusiness,2,M,20,Kisumu,71,10,2.91,6,7,18
Brenda,Syokau,Technical University of Kenya,Main Campus,Law,LLB,3,F,22,Machakos,76,14,3.30,7,6,21
Leonard,Kiprop,USIU-Africa,Kasarani Campus,Agriculture,BSc Agribusiness,4,M,23,Uasin Gishu,86,17,3.67,8,4,24
Monica,Wairimu,Mount Kenya University,Thika Campus,Law,LLB,1,F,19,Murang'a,77,13,3.20,7,6,18
Arthur,Musyoka,Daystar University,Athi River Campus,Science,BSc Computer Science,2,M,21,Makueni,81,15,3.52,8,5,18
Nancy,Atieno,University of Nairobi,Main Campus,Health Sciences,BSc Nursing,3,F,22,Kisumu,84,16,3.53,8,5,21
Christopher,Kamau,Kenyatta University,Main Campus,International Relations,BA IR,4,M,23,Murang'a,79,15,3.31,7,6,24
Damaris,Chepkoech,JKUAT,Main Campus,IT,BBIT,1,F,18,Bomet,78,12,3.15,7,6,18
Patrick,Omondi,Strathmore University,Madaraka Campus,IT,BSc IT,2,M,20,Kisumu,93,18,3.92,9,2,18
Agnes,Muthoni,Egerton University,Njoro Campus,Education,BEd Arts,3,F,22,Embu,74,12,3.01,6,7,21
Solomon,Kipkemboi,Maseno University,Main Campus,Science,BSc Biology,4,M,24,Nandi,68,11,2.80,5,8,24
Cynthia,Kawira,Technical University of Kenya,Main Campus,IT,BSc IT,1,F,19,Meru,75,12,3.11,7,6,18
Michael,Wafula,USIU-Africa,Kasarani Campus,Communication,BA Communication,2,M,21,Bungoma,87,15,3.65,8,4,18
Beatrice,Mwikali,Mount Kenya University,Thika Campus,Engineering,BSc Civil Eng,3,F,22,Machakos,73,14,3.05,6,7,21
Edwin,Mutua,Daystar University,Athi River Campus,Education,BEd Arts,4,M,23,Kitui,78,15,3.26,7,6,24
Miriam,Wanjiku,University of Nairobi,Main Campus,IT,BSc IT,1,F,18,Kiambu,86,16,3.59,8,4,18
Paul,Mwangi,Kenyatta University,Main Campus,Health Sciences,BSc Nursing,2,M,20,Nyeri,80,14,3.24,7,6,18
Stacy,Akinyi,JKUAT,Main Campus,Law,LLB,3,F,22,Siaya,83,16,3.47,7,5,21
Simeon,Kariuki,Strathmore University,Madaraka Campus,Business,BBA,4,M,24,Nyandarua,92,20,3.90,9,3,24
Judy,Chepkemoi,Egerton University,Njoro Campus,Agriculture,BSc Agribusiness,1,F,19,Kericho,75,11,2.96,6,7,18
Oscar,Odhiambo,Maseno University,Main Campus,Engineering,Diploma Electrical,2,M,21,Kisumu,71,12,3.04,6,7,18
Brenda,Syokau,Technical University of Kenya,Main Campus,Health Sciences,BSc Nursing,3,F,22,Machakos,77,14,3.21,7,6,21
Leonard,Kiprop,USIU-Africa,Kasarani Campus,Science,BSc Statistics,4,M,23,Uasin Gishu,88,18,3.78,8,4,24
Monica,Wairimu,Mount Kenya University,Thika Campus,IT,BSc IT,1,F,18,Murang'a,76,12,3.12,7,6,18
Arthur,Musyoka,Daystar University,Athi River Campus,Business,BCom,2,M,20,Makueni,81,14,3.44,7,6,18
Nancy,Atieno,University of Nairobi,Main Campus,Communication,BA Communication,3,F,22,Kisumu,84,15,3.48,8,5,21
Christopher,Kamau,Kenyatta University,Main Campus,IT,BBIT,4,M,23,Murang'a,80,17,3.52,8,5,24
Damaris,Chepkoech,JKUAT,Main Campus,Engineering,Diploma Electrical,1,F,18,Bomet,77,13,3.14,7,6,18
Patrick,Omondi,Strathmore University,Madaraka Campus,Agriculture,BSc Agribusiness,2,M,20,Kisumu,94,18,3.93,9,2,18
Agnes,Muthoni,Egerton University,Njoro Campus,Science,BSc Computer Science,3,F,22,Embu,75,14,3.27,7,6,21
Solomon,Kipkemboi,Maseno University,Main Campus,Law,LLB,4,M,24,Nandi,72,16,3.10,6,7,24
Cynthia,Kawira,Technical University of Kenya,Main Campus,Agriculture,BSc Agribusiness,1,F,18,Meru,74,11,3.03,7,6,18
Michael,Wafula,USIU-Africa,Kasarani Campus,Education,BEd Arts,2,M,21,Bungoma,86,15,3.66,8,4,18
Beatrice,Mwikali,Mount Kenya University,Thika Campus,Science,BSc Statistics,3,F,22,Machakos,76,13,3.15,7,6,21
Edwin,Mutua,Daystar University,Athi River Campus,IT,Diploma IT,4,M,23,Kitui,80,16,3.46,7,6,24
Miriam,Wanjiku,University of Nairobi,Main Campus,Law,LLB,1,F,18,Kiambu,88,17,3.69,8,4,18
Paul,Mwangi,Kenyatta University,Main Campus,International Relations,BA IR,2,M,20,Nyeri,81,14,3.35,7,6,18
Stacy,Akinyi,JKUAT,Main Campus,Science,BSc Statistics,3,F,22,Siaya,79,15,3.32,7,6,21
Simeon,Kariuki,Strathmore University,Madaraka Campus,Communication,BA Communication,4,M,24,Nyandarua,91,21,3.94,9,2,24
Judy,Chepkemoi,Egerton University,Njoro Campus,IT,BBIT,1,F,19,Kericho,76,12,3.14,7,6,18
Oscar,Odhiambo,Maseno University,Main Campus,Science,BSc Computer Science,2,M,21,Kisumu,70,11,2.97,6,7,18
Brenda,Syokau,Technical University of Kenya,Main Campus,IT,Diploma IT,3,F,22,Machakos,75,13,3.12,7,6,21
Leonard,Kiprop,USIU-Africa,Kasarani Campus,Engineering,BSc Civil Eng,4,M,23,Uasin Gishu,87,19,3.80,8,3,24
Monica,Wairimu,Mount Kenya University,Thika Campus,Business,BCom,1,F,18,Murang'a,77,12,3.21,7,6,18
Arthur,Musyoka,Daystar University,Athi River Campus,Agriculture,BSc Agribusiness,2,M,20,Makueni,82,14,3.51,8,5,18
Nancy,Atieno,University of Nairobi,Main Campus,Education,BEd Arts,3,F,22,Kisumu,84,15,3.49,8,5,21
Christopher,Kamau,Kenyatta University,Main Campus,Science,BSc Computer Science,4,M,23,Murang'a,81,18,3.62,8,4,24
Damaris,Chepkoech,JKUAT,Main Campus,International Relations,BA IR,1,F,18,Bomet,78,13,3.23,7,6,18
Patrick,Omondi,Strathmore University,Madaraka Campus,Engineering,Diploma Electrical,2,M,20,Kisumu,92,16,3.81,9,3,18
Agnes,Muthoni,Egerton University,Njoro Campus,Health Sciences,BSc Nursing,3,F,22,Embu,76,14,3.28,7,6,21
Solomon,Kipkemboi,Maseno University,Main Campus,Communication,BA Communication,4,M,24,Nandi,73,15,3.06,6,7,24
Cynthia,Kawira,Technical University of Kenya,Main Campus,Education,BEd Arts,1,F,18,Meru,74,12,3.09,7,6,18
Michael,Wafula,USIU-Africa,Kasarani Campus,Law,LLB,2,M,21,Bungoma,86,17,3.69,8,4,18
Beatrice,Mwikali,Mount Kenya University,Thika Campus,Communication,BA Communication,3,F,22,Machakos,76,13,3.16,7,6,21
Edwin,Mutua,Daystar University,Athi River Campus,International Relations,BA IR,4,M,23,Kitui,81,16,3.48,7,5,24
Miriam,Wanjiku,University of Nairobi,Main Campus,Agriculture,BSc Agribusiness,1,F,18,Kiambu,86,15,3.58,8,4,18
Paul,Mwangi,Kenyatta University,Main Campus,Business,BBA,2,M,20,Nyeri,80,14,3.25,7,6,18
Stacy,Akinyi,JKUAT,Main Campus,Science,BSc Biology,3,F,22,Siaya,79,14,3.31,7,6,21
Simeon,Kariuki,Strathmore University,Madaraka Campus,Science,BSc Computer Science,4,M,24,Nyandarua,93,21,3.96,9,2,24
Judy,Chepkemoi,Egerton University,Njoro Campus,International Relations,BA IR,1,F,19,Kericho,76,12,3.12,7,6,18
Oscar,Odhiambo,Maseno University,Main Campus,Business,BCom,2,M,21,Kisumu,71,11,3.00,6,7,18
Brenda,Syokau,Technical University of Kenya,Main Campus,Health Sciences,BSc Nursing,3,F,22,Machakos,77,15,3.26,7,6,21
Leonard,Kiprop,USIU-Africa,Kasarani Campus,Science,BSc Biology,4,M,23,Uasin Gishu,88,18,3.76,8,4,24
Monica,Wairimu,Mount Kenya University,Thika Campus,Education,BEd Arts,1,F,18,Murang'a,76,12,3.14,7,6,18
Arthur,Musyoka,Daystar University,Athi River Campus,Engineering,Diploma Electrical,2,M,20,Makueni,82,15,3.46,7,6,18
Nancy,Atieno,University of Nairobi,Main Campus,Science,BSc Statistics,3,F,22,Kisumu,85,17,3.60,8,4,21
Christopher,Kamau,Kenyatta University,Main Campus,Law,LLB,4,M,23,Murang'a,82,19,3.71,8,4,24
Damaris,Chepkoech,JKUAT,Main Campus,Agriculture,BSc Agribusiness,1,F,18,Bomet,78,12,3.17,7,6,18
Patrick,Omondi,Strathmore University,Madaraka Campus,IT,BBIT,2,M,20,Kisumu,94,19,3.95,9,2,18
Agnes,Muthoni,Egerton University,Njoro Campus,Communication,BA Communication,3,F,22,Embu,77,13,3.23,7,6,21
Solomon,Kipkemboi,Maseno University,Main Campus,Education,BEd Arts,4,M,24,Nandi,72,15,3.02,6,7,24
Cynthia,Kawira,Technical University of Kenya,Main Campus,International Relations,BA IR,1,F,18,Meru,74,11,2.99,7,7,18
Michael,Wafula,USIU-Africa,Kasarani Campus,IT,BSc IT,2,M,21,Bungoma,87,16,3.73,8,4,18
Beatrice,Mwikali,Mount Kenya University,Thika Campus,Health Sciences,BSc Nursing,3,F,22,Machakos,78,14,3.27,7,6,21
Edwin,Mutua,Daystar University,Athi River Campus,Science,BSc Biology,4,M,23,Kitui,80,17,3.58,7,5,24
Miriam,Wanjiku,University of Nairobi,Main Campus,Engineering,BSc Civil Eng,1,F,18,Kiambu,86,16,3.54,8,5,18
Paul,Mwangi,Kenyatta University,Main Campus,Education,BEd Arts,2,M,20,Nyeri,80,13,3.21,7,6,18
Stacy,Akinyi,JKUAT,Main Campus,IT,BSc IT,3,F,22,Siaya,83,15,3.41,7,5,21
Simeon,Kariuki,Strathmore University,Madaraka Campus,Law,LLB,4,M,24,Nyandarua,91,20,3.88,9,3,24
Judy,Chepkemoi,Egerton University,Njoro Campus,Science,BSc Computer Science,1,F,19,Kericho,76,12,3.08,7,7,18
Oscar,Odhiambo,Maseno University,Main Campus,Agriculture,BSc Agribusiness,2,M,21,Kisumu,71,11,3.01,6,7,18
Brenda,Syokau,Technical University of Kenya,Main Campus,Communication,BA Communication,3,F,22,Machakos,76,14,3.28,7,6,21
Leonard,Kiprop,USIU-Africa,Kasarani Campus,Business,BCom,4,M,23,Uasin Gishu,89,19,3.79,8,4,24
Monica,Wairimu,Mount Kenya University,Thika Campus,Engineering,Diploma Electrical,1,F,18,Murang'a,75,12,3.05,7,6,18
Arthur,Musyoka,Daystar University,Athi River Campus,Business,BBA,2,M,20,Makueni,81,14,3.38,7,6,18
Nancy,Atieno,University of Nairobi,Main Campus,International Relations,BA IR,3,F,22,Kisumu,85,16,3.56,8,4,21
Christopher,Kamau,Kenyatta University,Main Campus,Science,BSc Statistics,4,M,23,Murang'a,82,18,3.70,8,4,24
Damaris,Chepkoech,JKUAT,Main Campus,Engineering,BSc Civil Eng,1,F,18,Bomet,79,14,3.24,7,6,18
Patrick,Omondi,Strathmore University,Madaraka Campus,Agriculture,BSc Agribusiness,2,M,20,Kisumu,93,17,3.85,9,3,18
Agnes,Muthoni,Egerton University,Njoro Campus,Law,LLB,3,F,22,Embu,77,15,3.36,7,6,21
Solomon,Kipkemboi,Maseno University,Main Campus,IT,BBIT,4,M,24,Nandi,72,14,3.00,6,7,24
Cynthia,Kawira,Technical University of Kenya,Main Campus,Agriculture,BSc Agribusiness,1,F,18,Meru,74,12,3.01,7,7,18
Michael,Wafula,USIU-Africa,Kasarani Campus,Education,BEd Arts,2,M,21,Bungoma,86,15,3.64,8,4,18
Beatrice,Mwikali,Mount Kenya University,Thika Campus,Science,BSc Biology,3,F,22,Machakos,78,13,3.19,7,6,21
Edwin,Mutua,Daystar University,Athi River Campus,IT,BSc IT,4,M,23,Kitui,81,17,3.54,8,5,24
Miriam,Wanjiku,University of Nairobi,Main Campus,Health Sciences,BSc Nursing,1,F,18,Kiambu,87,16,3.65,8,4,18
Paul,Mwangi,Kenyatta University,Main Campus,International Relations,BA IR,2,M,20,Nyeri,81,14,3.30,7,6,18
Stacy,Akinyi,JKUAT,Main Campus,Education,BEd Arts,3,F,22,Siaya,82,13,3.26,7,6,21
Simeon,Kariuki,Strathmore University,Madaraka Campus,Business,BCom,4,M,24,Nyandarua,92,20,3.92,9,2,24
Judy,Chepkemoi,Egerton University,Njoro Campus,IT,BSc IT,1,F,19,Kericho,76,12,3.10,7,7,18
Oscar,Odhiambo,Maseno University,Main Campus,Science,BSc Statistics,2,M,21,Kisumu,71,11,3.01,6,7,18
Brenda,Syokau,Technical University of Kenya,Main Campus,Law,LLB,3,F,22,Machakos,77,15,3.34,7,6,21
Leonard,Kiprop,USIU-Africa,Kasarani Campus,Engineering,Diploma Electrical,4,M,23,Uasin Gishu,88,18,3.74,8,4,24
Monica,Wairimu,Mount Kenya University,Thika Campus,Agriculture,BSc Agribusiness,1,F,18,Murang'a,76,12,3.14,7,6,18
Arthur,Musyoka,Daystar University,Athi River Campus,Law,LLB,2,M,20,Makueni,83,15,3.56,8,5,18
Nancy,Atieno,University of Nairobi,Main Campus,Education,BEd Arts,3,F,22,Kisumu,86,16,3.59,8,4,21
Christopher,Kamau,Kenyatta University,Main Campus,Engineering,BSc Civil Eng,4,M,23,Murang'a,82,19,3.75,8,4,24
Damaris,Chepkoech,JKUAT,Main Campus,Science,BSc Computer Science,1,F,18,Bomet,79,15,3.28,8,6,18
Patrick,Omondi,Strathmore University,Madaraka Campus,Health Sciences,BSc Nursing,2,M,20,Kisumu,94,18,3.91,9,2,18
Agnes,Muthoni,Egerton University,Njoro Campus,Agriculture,BSc Agribusiness,3,F,22,Embu,76,13,3.20,7,6,21
Solomon,Kipkemboi,Maseno University,Main Campus,Engineering,BSc Civil Eng,4,M,24,Nandi,71,16,3.04,6,7,24
Cynthia,Kawira,Technical University of Kenya,Main Campus,Communication,BA Communication,1,F,18,Meru,75,12,3.08,7,6,18
Michael,Wafula,USIU-Africa,Kasarani Campus,Agriculture,BSc Agribusiness,2,M,21,Bungoma,87,15,3.68,8,4,18
Beatrice,Mwikali,Mount Kenya University,Thika Campus,International Relations,BA IR,3,F,22,Machakos,77,13,3.17,7,6,21
Edwin,Mutua,Daystar University,Athi River Campus,Business,BCom,4,M,23,Kitui,81,18,3.62,8,4,24
Miriam,Wanjiku,University of Nairobi,Main Campus,Engineering,BSc Civil Eng,1,F,18,Kiambu,87,17,3.68,8,4,18
Paul,Mwangi,Kenyatta University,Main Campus,Business,BBA,2,M,20,Nyeri,81,14,3.35,7,6,18
Stacy,Akinyi,JKUAT,Main Campus,Health Sciences,BSc Nursing,3,F,22,Siaya,83,16,3.50,8,5,21
Simeon,Kariuki,Strathmore University,Madaraka Campus,Communication,BA Communication,4,M,24,Nyandarua,92,21,3.95,9,2,24
Judy,Chepkemoi,Egerton University,Njoro Campus,IT,BBIT,1,F,19,Kericho,77,12,3.15,7,6,18
Oscar,Odhiambo,Maseno University,Main Campus,Law,LLB,2,M,21,Kisumu,72,13,3.11,7,6,18
Brenda,Syokau,Technical University of Kenya,Main Campus,Science,BSc Computer Science,3,F,22,Machakos,78,16,3.42,8,5,21
Leonard,Kiprop,USIU-Africa,Kasarani Campus,Science,BSc Statistics,4,M,23,Uasin Gishu,88,19,3.82,9,3,24
Monica,Wairimu,Mount Kenya University,Thika Campus,Education,BEd Arts,1,F,18,Murang'a,76,12,3.18,7,6,18
Arthur,Musyoka,Daystar University,Athi River Campus,Agriculture,BSc Agribusiness,2,M,20,Makueni,82,15,3.45,7,6,18
Nancy,Atieno,University of Nairobi,Main Campus,IT,BBIT,3,F,22,Kisumu,86,16,3.64,8,4,21
Christopher,Kamau,Kenyatta University,Main Campus,International Relations,BA IR,4,M,23,Murang'a,81,18,3.58,8,4,24
Damaris,Chepkoech,JKUAT,Main Campus,Law,LLB,1,F,18,Bomet,80,14,3.32,7,6,18
Patrick,Omondi,Strathmore University,Madaraka Campus,Agriculture,BSc Agribusiness,2,M,20,Kisumu,93,17,3.89,9,3,18
Agnes,Muthoni,Egerton University,Njoro Campus,Science,BSc Biology,3,F,22,Embu,77,13,3.22,7,6,21
Solomon,Kipkemboi,Maseno University,Main Campus,Health Sciences,BSc Nursing,4,M,24,Nandi,73,15,3.14,7,6,24
Cynthia,Kawira,Technical University of Kenya,Main Campus,Education,BEd Arts,1,F,18,Meru,75,12,3.10,7,6,18
Michael,Wafula,USIU-Africa,Kasarani Campus,Law,LLB,2,M,21,Bungoma,87,17,3.76,8,4,18
Beatrice,Mwikali,Mount Kenya University,Thika Campus,Communication,BA Communication,3,F,22,Machakos,77,14,3.29,7,6,21
Edwin,Mutua,Daystar University,Athi River Campus,Engineering,Diploma Electrical,4,M,23,Kitui,81,17,3.53,8,5,24
Miriam,Wanjiku,University of Nairobi,Main Campus,Science,BSc Biology,1,F,18,Kiambu,87,16,3.66,8,4,18
Paul,Mwangi,Kenyatta University,Main Campus,IT,BSc IT,2,M,20,Nyeri,81,15,3.31,7,6,18
Stacy,Akinyi,JKUAT,Main Campus,Engineering,BSc Civil Eng,3,F,22,Siaya,83,18,3.57,8,5,21
Simeon,Kariuki,Strathmore University,Madaraka Campus,Education,BEd Arts,4,M,24,Nyandarua,92,20,3.93,9,2,24
Judy,Chepkemoi,Egerton University,Njoro Campus,Business,BCom,1,F,19,Kericho,77,13,3.19,7,6,18
Oscar,Odhiambo,Maseno University,Main Campus,Agriculture,BSc Agribusiness,2,M,21,Kisumu,72,12,3.03,6,7,18
Brenda,Syokau,Technical University of Kenya,Main Campus,Health Sciences,BSc Nursing,3,F,22,Machakos,78,15,3.38,8,5,21
Leonard,Kiprop,USIU-Africa,Kasarani Campus,International Relations,BA IR,4,M,23,Uasin Gishu,89,19,3.84,9,3,24
Monica,Wairimu,Mount Kenya University,Thika Campus,IT,BBIT,1,F,18,Murang'a,77,12,3.22,7,6,18
Arthur,Musyoka,Daystar University,Athi River Campus,Communication,BA Communication,2,M,20,Makueni,82,14,3.41,7,6,18
Nancy,Atieno,University of Nairobi,Main Campus,Agriculture,BSc Agribusiness,3,F,22,Kisumu,86,16,3.61,8,4,21
Christopher,Kamau,Kenyatta University,Main Campus,Education,BEd Arts,4,M,23,Murang'a,82,18,3.64,8,4,24
Damaris,Chepkoech,JKUAT,Main Campus,Law,LLB,1,F,18,Bomet,80,15,3.44,8,5,18
Patrick,Omondi,Strathmore University,Madaraka Campus,Engineering,Diploma Electrical,2,M,20,Kisumu,94,18,3.94,9,2,18
Agnes,Muthoni,Egerton University,Njoro Campus,IT,BSc IT,3,F,22,Embu,78,14,3.35,7,6,21
Solomon,Kipkemboi,Maseno University,Main Campus,IT,BBIT,4,M,24,Nandi,73,15,3.15,7,6,24
Cynthia,Kawira,Technical University of Kenya,Main Campus,Science,BSc Statistics,1,F,18,Meru,76,13,3.18,7,6,18
Michael,Wafula,USIU-Africa,Kasarani Campus,Business,BBA,2,M,21,Bungoma,87,16,3.71,8,4,18
Beatrice,Mwikali,Mount Kenya University,Thika Campus,Engineering,BSc Civil Eng,3,F,22,Machakos,78,15,3.29,7,6,21
Edwin,Mutua,Daystar University,Athi River Campus,International Relations,BA IR,4,M,23,Kitui,81,18,3.70,8,4,24
Miriam,Wanjiku,University of Nairobi,Main Campus,Communication,BA Communication,1,F,18,Kiambu,87,15,3.62,8,4,18
Paul,Mwangi,Kenyatta University,Main Campus,Agriculture,BSc Agribusiness,2,M,20,Nyeri,81,14,3.31,7,6,18
Stacy,Akinyi,JKUAT,Main Campus,Engineering,BSc Civil Eng,3,F,22,Siaya,83,18,3.66,8,4,21
Simeon,Kariuki,Strathmore University,Madaraka Campus,Law,LLB,4,M,24,Nyandarua,92,21,3.96,9,2,24
Judy,Chepkemoi,Egerton University,Njoro Campus,Engineering,Diploma Electrical,1,F,19,Kericho,77,13,3.24,7,6,18
Oscar,Odhiambo,Maseno University,Main Campus,Business,BCom,2,M,21,Kisumu,72,12,3.08,7,6,18
Brenda,Syokau,Technical University of Kenya,Main Campus,Agriculture,BSc Agribusiness,3,F,22,Machakos,78,15,3.41,8,5,21
Leonard,Kiprop,USIU-Africa,Kasarani Campus,Science,BSc Computer Science,4,M,23,Uasin Gishu,89,20,3.85,9,3,24
Monica,Wairimu,Mount Kenya University,Thika Campus,Science,BSc Statistics,1,F,18,Murang'a,77,13,3.21,7,6,18
Arthur,Musyoka,Daystar University,Athi River Campus,Health Sciences,BSc Nursing,2,M,20,Makueni,82,15,3.49,8,5,18
Nancy,Atieno,University of Nairobi,Main Campus,Law,LLB,3,F,22,Kisumu,86,17,3.67,8,4,21
Christopher,Kamau,Kenyatta University,Main Campus,IT,BBIT,4,M,23,Murang'a,82,19,3.78,9,4,24
Damaris,Chepkoech,JKUAT,Main Campus,International Relations,BA IR,1,F,18,Bomet,80,14,3.36,7,6,18
Patrick,Omondi,Strathmore University,Madaraka Campus,Agriculture,BSc Agribusiness,2,M,20,Kisumu,94,18,3.94,9,2,18
Agnes,Muthoni,Egerton University,Njoro Campus,Science,BSc Biology,3,F,22,Embu,78,14,3.31,7,6,21
Solomon,Kipkemboi,Maseno University,Main Campus,Science,BSc Statistics,4,M,24,Nandi,73,16,3.12,6,7,24
Cynthia,Kawira,Technical University of Kenya,Main Campus,IT,BSc IT,1,F,18,Meru,76,13,3.22,7,6,18
Michael,Wafula,USIU-Africa,Kasarani Campus,Education,BEd Arts,2,M,21,Bungoma,87,16,3.75,8,4,18
Beatrice,Mwikali,Mount Kenya University,Thika Campus,IT,BSc IT,3,F,22,Machakos,78,15,3.39,8,5,21
Edwin,Mutua,Daystar University,Athi River Campus,Engineering,BSc Civil Eng,4,M,23,Kitui,82,19,3.76,8,4,24
Miriam,Wanjiku,University of Nairobi,Main Campus,Education,BEd Arts,1,F,18,Kiambu,88,16,3.65,8,4,18
Paul,Mwangi,Kenyatta University,Main Campus,Law,LLB,2,M,20,Nyeri,81,15,3.42,7,6,18
Stacy,Akinyi,JKUAT,Main Campus,Agriculture,BSc Agribusiness,3,F,22,Siaya,83,16,3.54,8,5,21
Simeon,Kariuki,Strathmore University,Madaraka Campus,International Relations,BA IR,4,M,24,Nyandarua,93,21,3.97,9,2,24
Judy,Chepkemoi,Egerton University,Njoro Campus,IT,BBIT,1,F,19,Kericho,77,13,3.24,7,6,18
Oscar,Odhiambo,Maseno University,Main Campus,Engineering,Diploma Electrical,2,M,21,Kisumu,72,13,3.16,7,6,18
Brenda,Syokau,Technical University of Kenya,Main Campus,Business,BCom,3,F,22,Machakos,78,16,3.50,8,5,21
Leonard,Kiprop,USIU-Africa,Kasarani Campus,Science,BSc Statistics,4,M,23,Uasin Gishu,89,19,3.84,9,3,24
Monica,Wairimu,Mount Kenya University,Thika Campus,Law,LLB,1,F,18,Murang'a,77,13,3.27,7,6,18
Arthur,Musyoka,Daystar University,Athi River Campus,Business,BBA,2,M,20,Makueni,82,15,3.48,8,5,18
Nancy,Atieno,University of Nairobi,Main Campus,Engineering,Diploma Electrical,3,F,22,Kisumu,86,17,3.68,8,4,21
Christopher,Kamau,Kenyatta University,Main Campus,Business,BCom,4,M,23,Murang'a,82,19,3.81,9,3,24
Damaris,Chepkoech,JKUAT,Main Campus,Communication,BA Communication,1,F,18,Bomet,80,14,3.46,8,5,18
Patrick,Omondi,Strathmore University,Madaraka Campus,Agriculture,BSc Agribusiness,2,M,20,Kisumu,94,18,3.95,9,2,18
Agnes,Muthoni,Egerton University,Njoro Campus,Education,BEd Arts,3,F,22,Embu,78,14,3.37,7,6,21
Solomon,Kipkemboi,Maseno University,Main Campus,Law,LLB,4,M,24,Nandi,73,16,3.18,7,6,24
Cynthia,Kawira,Technical University of Kenya,Main Campus,International Relations,BA IR,1,F,18,Meru,76,13,3.26,7,6,18
Michael,Wafula,USIU-Africa,Kasarani Campus,Engineering,BSc Civil Eng,2,M,21,Bungoma,87,17,3.77,8,4,18
Beatrice,Mwikali,Mount Kenya University,Thika Campus,Science,BSc Computer Science,3,F,22,Machakos,78,16,3.42,8,5,21
Edwin,Mutua,Daystar University,Athi River Campus,Agriculture,BSc Agribusiness,4,M,23,Kitui,82,19,3.82,9,3,24
Miriam,Wanjiku,University of Nairobi,Main Campus,IT,BSc IT,1,F,18,Kiambu,88,16,3.69,8,4,18
Paul,Mwangi,Kenyatta University,Main Campus,Communication,BA Communication,2,M,20,Nyeri,81,15,3.45,7,6,18
Stacy,Akinyi,JKUAT,Main Campus,International Relations,BA IR,3,F,22,Siaya,83,16,3.58,8,4,21
Simeon,Kariuki,Strathmore University,Madaraka Campus,Education,BEd Arts,4,M,24,Nyandarua,93,21,3.98,9,2,24
Judy,Chepkemoi,Egerton University,Njoro Campus,Law,LLB,1,F,19,Kericho,77,13,3.28,7,6,18
Oscar,Odhiambo,Maseno University,Main Campus,IT,BSc IT,2,M,21,Kisumu,72,13,3.20,7,6,18
Brenda,Syokau,Technical University of Kenya,Main Campus,Science,BSc Biology,3,F,22,Machakos,78,16,3.46,8,5,21
Leonard,Kiprop,USIU-Africa,Kasarani Campus,Health Sciences,BSc Nursing,4,M,23,Uasin Gishu,89,19,3.86,9,3,24
Monica,Wairimu,Mount Kenya University,Thika Campus,International Relations,BA IR,1,F,18,Murang'a,77,13,3.31,7,6,18
Arthur,Musyoka,Daystar University,Athi River Campus,IT,BBIT,2,M,20,Makueni,82,15,3.52,8,5,18
Nancy,Atieno,University of Nairobi,Main Campus,Business,BBA,3,F,22,Kisumu,86,17,3.71,8,4,21
Christopher,Kamau,Kenyatta University,Main Campus,Engineering,Diploma Electrical,4,M,23,Murang'a,82,19,3.83,9,3,24
Damaris,Chepkoech,JKUAT,Main Campus,Education,BEd Arts,1,F,18,Bomet,80,14,3.50,8,5,18
Patrick,Omondi,Strathmore University,Madaraka Campus,Science,BSc Computer Science,2,M,20,Kisumu,94,18,3.96,9,2,18
Agnes,Muthoni,Egerton University,Njoro Campus,Agriculture,BSc Agribusiness,3,F,22,Embu,78,15,3.42,8,5,21
Solomon,Kipkemboi,Maseno University,Main Campus,Communication,BA Communication,4,M,24,Nandi,73,16,3.22,7,6,24
Cynthia,Kawira,Technical University of Kenya,Main Campus,Engineering,BSc Civil Eng,1,F,18,Meru,76,14,3.30,7,6,18
Michael,Wafula,USIU-Africa,Kasarani Campus,Science,BSc Biology,2,M,21,Bungoma,87,17,3.78,8,4,18
Beatrice,Mwikali,Mount Kenya University,Thika Campus,Business,BCom,3,F,22,Machakos,78,16,3.48,8,5,21
Edwin,Mutua,Daystar University,Athi River Campus,Law,LLB,4,M,23,Kitui,83,20,3.88,9,3,24
Miriam,Wanjiku,University of Nairobi,Main Campus,International Relations,BA IR,1,F,18,Kiambu,88,17,3.73,8,4,18
Paul,Mwangi,Kenyatta University,Main Campus,Engineering,BSc Civil Eng,2,M,20,Nyeri,81,16,3.47,8,5,18
Stacy,Akinyi,JKUAT,Main Campus,Science,BSc Computer Science,3,F,22,Siaya,84,17,3.64,8,4,21
Simeon,Kariuki,Strathmore University,Madaraka Campus,Business,BBA,4,M,24,Nyandarua,93,21,3.99,9,2,24
Judy,Chepkemoi,Egerton University,Njoro Campus,IT,BSc IT,1,F,19,Kericho,77,14,3.32,7,6,18
Oscar,Odhiambo,Maseno University,Main Campus,Education,BEd Arts,2,M,21,Kisumu,72,14,3.25,7,6,18
Brenda,Syokau,Technical University of Kenya,Main Campus,Business,BBA,3,F,22,Machakos,78,17,3.54,8,4,21
Leonard,Kiprop,USIU-Africa,Kasarani Campus,International Relations,BA IR,4,M,23,Uasin Gishu,89,20,3.87,9,3,24
Monica,Wairimu,Mount Kenya University,Thika Campus,Health Sciences,BSc Nursing,1,F,18,Murang'a,77,14,3.38,7,6,18
Arthur,Musyoka,Daystar University,Athi River Campus,Science,BSc Biology,2,M,20,Makueni,82,16,3.58,8,4,18
Nancy,Atieno,University of Nairobi,Main Campus,Law,LLB,3,F,22,Kisumu,87,18,3.72,9,4,21
Christopher,Kamau,Kenyatta University,Main Campus,Agriculture,BSc Agribusiness,4,M,23,Murang'a,83,20,3.86,9,3,24
Damaris,Chepkoech,JKUAT,Main Campus,IT,BBIT,1,F,18,Bomet,80,15,3.53,8,5,18
Patrick,Omondi,Strathmore University,Madaraka Campus,Agriculture,BSc Agribusiness,2,M,20,Kisumu,94,18,3.96,9,2,18
Agnes,Muthoni,Egerton University,Njoro Campus,Communication,BA Communication,3,F,22,Embu,79,15,3.44,8,4,21
Solomon,Kipkemboi,Maseno University,Main Campus,Agriculture,BSc Agribusiness,4,M,24,Nandi,74,17,3.26,8,5,24
Cynthia,Kawira,Technical University of Kenya,Main Campus,Law,LLB,1,F,18,Meru,77,14,3.35,8,5,18
Michael,Wafula,USIU-Africa,Kasarani Campus,Education,BEd Arts,2,M,21,Bungoma,88,18,3.78,9,4,18
Beatrice,Mwikali,Mount Kenya University,Thika Campus,Science,BSc Biology,3,F,22,Machakos,79,17,3.52,8,4,21
Edwin,Mutua,Daystar University,Athi River Campus,IT,BSc IT,4,M,23,Kitui,84,20,3.87,9,3,24
Miriam,Wanjiku,University of Nairobi,Main Campus,Health Sciences,BSc Nursing,1,F,18,Kiambu,89,18,3.74,9,4,18
Paul,Mwangi,Kenyatta University,Main Campus,International Relations,BA IR,2,M,20,Nyeri,82,16,3.51,8,4,18
Stacy,Akinyi,JKUAT,Main Campus,Education,BEd Arts,3,F,22,Siaya,84,17,3.65,8,4,21
Simeon,Kariuki,Strathmore University,Madaraka Campus,Business,BCom,4,M,24,Nyandarua,94,22,3.99,9,1,24
Judy,Chepkemoi,Egerton University,Njoro Campus,IT,BSc IT,1,F,19,Kericho,78,15,3.34,8,5,18
Oscar,Odhiambo,Maseno University,Main Campus,Science,BSc Statistics,2,M,21,Kisumu,73,15,3.27,8,5,18
Brenda,Syokau,Technical University of Kenya,Main Campus,Law,LLB,3,F,22,Machakos,79,17,3.53,9,4,21
Leonard,Kiprop,USIU-Africa,Kasarani Campus,Engineering,Diploma Electrical,4,M,23,Uasin Gishu,90,20,3.89,9,2,24
Monica,Wairimu,Mount Kenya University,Thika Campus,Agriculture,BSc Agribusiness,1,F,18,Murang'a,78,14,3.39,8,5,18
Arthur,Musyoka,Daystar University,Athi River Campus,Law,LLB,2,M,20,Makueni,84,17,3.56,8,4,18
Nancy,Atieno,University of Nairobi,Main Campus,Education,BEd Arts,3,F,22,Kisumu,87,18,3.73,9,4,21
Christopher,Kamau,Kenyatta University,Main Campus,Engineering,BSc Civil Eng,4,M,23,Murang'a,84,21,3.88,9,2,24
Damaris,Chepkoech,JKUAT,Main Campus,Science,BSc Computer Science,1,F,18,Bomet,81,16,3.52,8,5,18
Patrick,Omondi,Strathmore University,Madaraka Campus,Health Sciences,BSc Nursing,2,M,20,Kisumu,95,20,3.97,9,1,18
Agnes,Muthoni,Egerton University,Njoro Campus,Agriculture,BSc Agribusiness,3,F,22,Embu,79,16,3.54,8,4,21
Solomon,Kipkemboi,Maseno University,Main Campus,Engineering,BSc Civil Eng,4,M,24,Nandi,75,18,3.42,8,4,24
Cynthia,Kawira,Technical University of Kenya,Main Campus,Communication,BA Communication,1,F,18,Meru,78,14,3.38,8,5,18
Michael,Wafula,USIU-Africa,Kasarani Campus,Agriculture,BSc Agribusiness,2,M,21,Bungoma,89,17,3.77,9,4,18
Beatrice,Mwikali,Mount Kenya University,Thika Campus,International Relations,BA IR,3,F,22,Machakos,79,16,3.53,8,5,21
Edwin,Mutua,Daystar University,Athi River Campus,Business,BCom,4,M,23,Kitui,84,20,3.89,9,2,24
Miriam,Wanjiku,University of Nairobi,Main Campus,Engineering,BSc Civil Eng,1,F,18,Kiambu,89,19,3.86,9,3,18
Paul,Mwangi,Kenyatta University,Main Campus,Business,BBA,2,M,20,Nyeri,82,16,3.52,8,5,18
Stacy,Akinyi,JKUAT,Main Campus,Health Sciences,BSc Nursing,3,F,22,Siaya,84,18,3.72,9,4,21
Simeon,Kariuki,Strathmore University,Madaraka Campus,Communication,BA Communication,4,M,24,Nyandarua,95,22,3.99,9,1,24
Judy,Chepkemoi,Egerton University,Njoro Campus,IT,BBIT,1,F,19,Kericho,79,15,3.51,8,4,18
Oscar,Odhiambo,Maseno University,Main Campus,Law,LLB,2,M,21,Kisumu,74,16,3.41,8,5,18
Brenda,Syokau,Technical University of Kenya,Main Campus,Science,BSc Computer Science,3,F,22,Machakos,80,18,3.72,9,4,21
Leonard,Kiprop,USIU-Africa,Kasarani Campus,Science,BSc Statistics,4,M,23,Uasin Gishu,90,21,3.94,9,2,24
Monica,Wairimu,Mount Kenya University,Thika Campus,Education,BEd Arts,1,F,18,Murang'a,78,14,3.39,8,5,18
Arthur,Musyoka,Daystar University,Athi River Campus,Agriculture,BSc Agribusiness,2,M,20,Makueni,84,17,3.64,8,4,18
Nancy,Atieno,University of Nairobi,Main Campus,IT,BBIT,3,F,22,Kisumu,87,19,3.81,9,3,21
Christopher,Kamau,Kenyatta University,Main Campus,International Relations,BA IR,4,M,23,Murang'a,83,20,3.85,9,3,24
Damaris,Chepkoech,JKUAT,Main Campus,Law,LLB,1,F,18,Bomet,82,16,3.53,8,4,18
Patrick,Omondi,Strathmore University,Madaraka Campus,Agriculture,BSc Agribusiness,2,M,20,Kisumu,95,20,3.97,9,1,18
Agnes,Muthoni,Egerton University,Njoro Campus,Science,BSc Biology,3,F,22,Embu,80,16,3.62,8,4,21
Solomon,Kipkemboi,Maseno University,Main Campus,Health Sciences,BSc Nursing,4,M,24,Nandi,76,18,3.54,8,4,24
Cynthia,Kawira,Technical University of Kenya,Main Campus,Education,BEd Arts,1,F,18,Meru,78,14,3.50,8,5,18
Michael,Wafula,USIU-Africa,Kasarani Campus,Law,LLB,2,M,21,Bungoma,89,19,3.86,9,3,18
Beatrice,Mwikali,Mount Kenya University,Thika Campus,Communication,BA Communication,3,F,22,Machakos,80,16,3.52,8,4,21
Edwin,Mutua,Daystar University,Athi River Campus,Engineering,Diploma Electrical,4,M,23,Kitui,84,20,3.88,9,3,24
Miriam,Wanjiku,University of Nairobi,Main Campus,Science,BSc Biology,1,F,18,Kiambu,89,18,3.81,9,4,18
Paul,Mwangi,Kenyatta University,Main Campus,IT,BSc IT,2,M,20,Nyeri,83,16,3.53,8,4,18
Stacy,Akinyi,JKUAT,Main Campus,Engineering,BSc Civil Eng,3,F,22,Siaya,85,19,3.77,9,3,21
Simeon,Kariuki,Strathmore University,Madaraka Campus,Education,BEd Arts,4,M,24,Nyandarua,96,22,3.99,9,1,24
Judy,Chepkemoi,Egerton University,Njoro Campus,Business,BCom,1,F,19,Kericho,80,16,3.52,8,4,18
Oscar,Odhiambo,Maseno University,Main Campus,Agriculture,BSc Agribusiness,2,M,21,Kisumu,75,15,3.35,8,5,18
Brenda,Syokau,Technical University of Kenya,Main Campus,Health Sciences,BSc Nursing,3,F,22,Machakos,81,18,3.72,9,4,21
Leonard,Kiprop,USIU-Africa,Kasarani Campus,International Relations,BA IR,4,M,23,Uasin Gishu,91,21,3.96,9,2,24
Monica,Wairimu,Mount Kenya University,Thika Campus,IT,BBIT,1,F,18,Murang'a,80,15,3.53,8,4,18
Arthur,Musyoka,Daystar University,Athi River Campus,Communication,BA Communication,2,M,20,Makueni,85,17,3.71,8,4,18
Miriam,Wanjiku,University of Nairobi,Main Campus,Agriculture,BSc Agribusiness,3,F,22,Kiambu,88,19,3.89,9,2,21
Paul,Mwangi,Kenyatta University,Main Campus,Education,BEd Arts,4,M,23,Nyeri,85,20,3.88,9,3,24
Stacy,Akinyi,JKUAT,Main Campus,Law,LLB,1,F,18,Siaya,83,17,3.74,9,4,18
Lilian,Wambui,University of Nairobi,Nairobi City Campus,Business,BBM,2,F,20,Nairobi,82,14,3.34,7,6,18
Geoffrey,Omondi,Kenyatta University,Main Campus,Education,BEd Arts,3,M,22,Kisumu,78,12,3.10,6,6,21
Purity,Kawira,JKUAT,Main Campus,Engineering,BSc Civil Eng,4,F,23,Meru,74,18,3.20,6,7,24
Dennis,Mutua,Strathmore University,Madaraka Campus,IT,BBIT,1,M,19,Machakos,92,16,3.72,8,3,18
Mercy,Chepkorir,Egerton University,Njoro Campus,Agriculture,BSc Agribusiness,2,F,20,Nakuru,83,13,3.38,7,6,18
Kevin,Kipchumba,Maseno University,Main Campus,Science,BSc Computer Science,3,M,22,Kisumu,69,9,2.90,5,8,21
Stacy,Makena,Technical University of Kenya,Main Campus,Engineering,Diploma Electrical,2,F,21,Nairobi,72,11,2.98,6,6,18
Joshua,Ochieng,USIU-Africa,Kasarani Campus,Business,BBA,1,M,19,Nairobi,88,15,3.60,8,4,18
Lydia,Nyambura,Mount Kenya University,Thika Campus,Health Sciences,BSc Nursing,3,F,22,Nyeri,81,14,3.29,7,6,21
Emmanuel,Mwangi,Daystar University,Athi River Campus,Communication,BA Communication,2,M,20,Kajiado,76,12,3.12,7,5,18
Cynthia,Atieno,University of Nairobi,Nairobi City Campus,Law,LLB,3,F,22,Mombasa,79,16,3.46,6,6,21
Peter,Kamau,Egerton University,Njoro Campus,Science,BSc Biology,1,M,19,Bomet,67,8,2.74,5,8,18
Beatrice,Wanjala,Maseno University,Main Campus,Business,BBM,2,F,20,Siaya,73,10,3.01,6,7,18
Moses,Kiprotich,JKUAT,Main Campus,IT,BSc IT,2,M,20,Kirinyaga,82,14,3.41,7,5,18
Joy,Zawadi,Strathmore University,Madaraka Campus,Business,BCom,4,F,24,Nairobi,90,19,3.82,8,3,24
Victor,Musyoka,Mount Kenya University,Thika Campus,Business,BBA,1,M,19,Murang'a,71,9,2.89,6,7,18
Sarah,Nekesa,Technical University of Kenya,Main Campus,IT,Diploma IT,3,F,21,Nairobi,75,12,3.09,7,6,21
Ian,Kimathi,USIU-Africa,Kasarani Campus,International Relations,BA IR,2,M,20,Nairobi,85,14,3.64,8,4,18
Emily,Chebet,Daystar University,Athi River Campus,Business,BBA,4,F,23,Kitui,80,15,3.48,7,6,24
Felix,Odhiambo,Kenyatta University,Main Campus,Science,BSc Statistics,4,M,23,Embu,84,17,3.40,7,6,24
Prudence,Mumbi,University of Nairobi,Nairobi City Campus,Law,LLB,3,F,22,Mombasa,79,16,3.46,6,6,21
Collins,Maina,Egerton University,Njoro Campus,Science,BSc Biology,1,M,19,Bomet,67,8,2.74,5,8,18
Grace,Njeri,Maseno University,Main Campus,Business,BBM,2,F,20,Siaya,73,10,3.01,6,7,18
Stephen,Juma,JKUAT,Main Campus,IT,BSc IT,2,M,20,Kirinyaga,82,14,3.41,7,5,18
Brenda,Wairimu,Strathmore University,Madaraka Campus,Business,BCom,4,F,24,Nairobi,90,19,3.82,8,3,24
Andrew,Kiptoo,Mount Kenya University,Thika Campus,Business,BBA,1,M,19,Murang'a,71,9,2.89,6,7,18
Tabitha,Mutuku,Technical University of Kenya,Main Campus,IT,Diploma IT,3,F,21,Nairobi,75,12,3.09,7,6,21
Samuel,Githinji,USIU-Africa,Kasarani Campus,International Relations,BA IR,2,M,20,Nairobi,85,14,3.64,8,4,18
Sharon,Chepkoech,Daystar University,Athi River Campus,Business,BBA,4,F,23,Kitui,80,15,3.48,7,6,24
Duncan,Njoroge,Kenyatta University,Main Campus,Science,BSc Statistics,4,M,23,Embu,84,17,3.40,7,6,24
Esther,Wangari,University of Nairobi,Nairobi City Campus,Law,LLB,3,F,22,Mombasa,79,16,3.46,6,6,21
Francis,Owino,Egerton University,Njoro Campus,Science,BSc Biology,1,M,19,Bomet,67,8,2.74,5,8,18
Alice,Moraa,Maseno University,Main Campus,Business,BBM,2,F,20,Siaya,73,10,3.01,6,7,18
Martin,Walubengo,JKUAT,Main Campus,IT,BSc IT,2,M,20,Kirinyaga,82,14,3.41,7,5,18
Catherine,Syokau,Strathmore University,Madaraka Campus,Business,BCom,4,F,24,Nairobi,90,19,3.82,8,3,24
Robert,Korir,Mount Kenya University,Thika Campus,Business,BBA,1,M,19,Murang'a,71,9,2.89,6,7,18
Nancy,Wambui,Technical University of Kenya,Main Campus,IT,Diploma IT,3,F,21,Nairobi,75,12,3.09,7,6,21
David,Kioko,USIU-Africa,Kasarani Campus,International Relations,BA IR,2,M,20,Nairobi,85,14,3.64,8,4,18
Leah,Chepkorir,Daystar University,Athi River Campus,Business,BBA,4,F,23,Kitui,80,15,3.48,7,6,24
Simon,Kariuki,Kenyatta University,Main Campus,Science,BSc Statistics,4,M,23,Embu,84,17,3.40,7,6,24
Caroline,Mwikali,University of Nairobi,Nairobi City Campus,Law,LLB,3,F,22,Mombasa,79,16,3.46,6,6,21
Timothy,Baraza,Egerton University,Njoro Campus,Science,BSc Biology,1,M,19,Bomet,67,8,2.74,5,8,18
Rachael,Kwamboka,Maseno University,Main Campus,Business,BBM,2,F,20,Siaya,73,10,3.01,6,7,18
Geoffrey,Sang,JKUAT,Main Campus,IT,BSc IT,2,M,20,Kirinyaga,82,14,3.41,7,5,18
Milicent,Adhiambo,Strathmore University,Madaraka Campus,Business,BCom,4,F,24,Nairobi,90,19,3.82,8,3,24
Josephat,Musyoki,Mount Kenya University,Thika Campus,Business,BBA,1,M,19,Murang'a,71,9,2.89,6,7,18
Elizabeth,Nyaga,Technical University of Kenya,Main Campus,IT,Diploma IT,3,F,21,Nairobi,75,12,3.09,7,6,21
Antony,Kimani,USIU-Africa,Kasarani Campus,International Relations,BA IR,2,M,20,Nairobi,85,14,3.64,8,4,18
Rosemary,Akinyi,Daystar University,Athi River Campus,Business,BBA,4,F,23,Kitui,80,15,3.48,7,6,24
Brian,Kibet,Kenyatta University,Main Campus,Science,BSc Statistics,4,M,23,Embu,84,17,3.40,7,6,24
Evelyne,Muthoni,University of Nairobi,Nairobi City Campus,Law,LLB,3,F,22,Mombasa,79,16,3.46,6,6,21
Thomas,Omondi,Egerton University,Njoro Campus,Science,BSc Biology,1,M,19,Bomet,67,8,2.74,5,8,18
Mercyline,Cherono,Maseno University,Main Campus,Business,BBM,2,F,20,Siaya,73,10,3.01,6,7,18
James,Wafula,JKUAT,Main Campus,IT,BSc IT,2,M,20,Kirinyaga,82,14,3.41,7,5,18
Priscilla,Gathoni,Strathmore University,Madaraka Campus,Business,BCom,4,F,24,Nairobi,90,19,3.82,8,3,24
Dominic,Kiptoo,Mount Kenya University,Thika Campus,Business,BBA,1,M,19,Murang'a,71,9,2.89,6,7,18
Ruth,Wambui,Technical University of Kenya,Main Campus,IT,Diploma IT,3,F,21,Nairobi,75,12,3.09,7,6,21
Kennedy,Mutua,USIU-Africa,Kasarani Campus,International Relations,BA IR,2,M,20,Nairobi,85,14,3.64,8,4,18
Lilian,Atieno,Daystar University,Athi River Campus,Business,BBA,4,F,23,Kitui,80,15,3.48,7,6,24
Evans,Kipchirchir,Kenyatta University,Main Campus,Science,BSc Statistics,4,M,23,Embu,84,17,3.40,7,6,24
Janet,Mwikali,University of Nairobi,Nairobi City Campus,Law,LLB,3,F,22,Mombasa,79,16,3.46,6,6,21
Charles,Odhiambo,Egerton University,Njoro Campus,Science,BSc Biology,1,M,19,Bomet,67,8,2.74,5,8,18
Diana,Kavutha,Maseno University,Main Campus,Business,BBM,2,F,20,Siaya,73,10,3.01,6,7,18
Wilson,Kipruto,JKUAT,Main Campus,IT,BSc IT,2,M,20,Kirinyaga,82,14,3.41,7,5,18
Gloria,Chebet,Strathmore University,Madaraka Campus,Business,BCom,4,F,24,Nairobi,90,19,3.82,8,3,24
Samson,Musyoki,Mount Kenya University,Thika Campus,Business,BBA,1,M,19,Murang'a,71,9,2.89,6,7,18
Mary,Wanjiku,Technical University of Kenya,Main Campus,IT,Diploma IT,3,F,21,Nairobi,75,12,3.09,7,6,21
Nicholas,Kamau,USIU-Africa,Kasarani Campus,International Relations,BA IR,2,M,20,Nairobi,85,14,3.64,8,4,18
Faith,Chepkoech,Daystar University,Athi River Campus,Business,BBA,4,F,23,Kitui,80,15,3.48,7,6,24
Jackson,Omondi,Kenyatta University,Main Campus,Science,BSc Statistics,4,M,23,Embu,84,17,3.40,7,6,24
Hellen,Muthoni,University of Nairobi,Nairobi City Campus,Law,LLB,3,F,22,Mombasa,79,16,3.46,6,6,21
Collins,Kiprop,Egerton University,Njoro Campus,Science,BSc Biology,1,M,19,Bomet,67,8,2.74,5,8,18
Susan,Kwamboka,Maseno University,Main Campus,Business,BBM,2,F,20,Siaya,73,10,3.01,6,7,18
George,Kipkemboi,JKUAT,Main Campus,IT,BSc IT,2,M,20,Kirinyaga,82,14,3.41,7,5,18
Florence,Wambui,Strathmore University,Madaraka Campus,Business,BCom,4,F,24,Nairobi,90,19,3.82,8,3,24
Richard,Mutua,Mount Kenya University,Thika Campus,Business,BBA,1,M,19,Murang'a,71,9,2.89,6,7,18
Veronicah,Njeri,Technical University of Kenya,Main Campus,IT,Diploma IT,3,F,21,Nairobi,75,12,3.09,7,6,21
Gilbert,Kiptoo,USIU-Africa,Kasarani Campus,International Relations,BA IR,2,M,20,Nairobi,85,14,3.64,8,4,18
Naomi,Makena,Daystar University,Athi River Campus,Business,BBA,4,F,23,Kitui,80,15,3.48,7,6,24
Simeon,Maina,Kenyatta University,Main Campus,Science,BSc Statistics,4,M,23,Embu,84,17,3.40,7,6,24
Judy,Chepkemoi,University of Nairobi,Nairobi City Campus,Law,LLB,3,F,22,Mombasa,79,16,3.46,6,6,21
Oscar,Odhiambo,Egerton University,Njoro Campus,Science,BSc Biology,1,M,19,Bomet,67,8,2.74,5,8,18
Brenda,Syokau,Maseno University,Main Campus,Business,BBM,2,F,20,Siaya,73,10,3.01,6,7,18
Leonard,Kiprop,JKUAT,Main Campus,IT,BSc IT,2,M,20,Kirinyaga,82,14,3.41,7,5,18
Monica,Wairimu,Strathmore University,Madaraka Campus,Business,BCom,4,F,24,Nairobi,90,19,3.82,8,3,24
Arthur,Musyoka,Mount Kenya University,Thika Campus,Business,BBA,1,M,19,Murang'a,71,9,2.89,6,7,18
Nancy,Atieno,Technical University of Kenya,Main Campus,IT,Diploma IT,3,F,21,Nairobi,75,12,3.09,7,6,21
Christopher,Kamau,USIU-Africa,Kasarani Campus,International Relations,BA IR,2,M,20,Nairobi,85,14,3.64,8,4,18
Damaris,Chepkoech,Daystar University,Athi River Campus,Business,BBA,4,F,23,Kitui,80,15,3.48,7,6,24
Patrick,Omondi,Kenyatta University,Main Campus,Science,BSc Statistics,4,M,23,Embu,84,17,3.40,7,6,24
Agnes,Muthoni,University of Nairobi,Nairobi City Campus,Law,LLB,3,F,22,Mombasa,79,16,3.46,6,6,21
Solomon,Kipkemboi,Egerton University,Njoro Campus,Science,BSc Biology,1,M,19,Bomet,67,8,2.74,5,8,18
Cynthia,Kawira,Maseno University,Main Campus,Business,BBM,2,F,20,Siaya,73,10,3.01,6,7,18
Michael,Wafula,JKUAT,Main Campus,IT,BSc IT,2,M,20,Kirinyaga,82,14,3.41,7,5,18
Beatrice,Mwikali,Strathmore University,Madaraka Campus,Business,BCom,4,F,24,Nairobi,90,19,3.82,8,3,24
Edwin,Mutua,Mount Kenya University,Thika Campus,Business,BBA,1,M,19,Murang'a,71,9,2.89,6,7,18
Miriam,Wanjiku,Technical University of Kenya,Main Campus,IT,Diploma IT,3,F,21,Nairobi,75,12,3.09,7,6,21
Paul,Mwangi,USIU-Africa,Kasarani Campus,International Relations,BA IR,2,M,20,Nairobi,85,14,3.64,8,4,18
Stacy,Akinyi,Daystar University,Athi River Campus,Business,BBA,4,F,23,Kitui,80,15,3.48,7,6,24
Simeon,Kariuki,Kenyatta University,Main Campus,Science,BSc Statistics,4,M,23,Embu,84,17,3.40,7,6,24
Judy,Chepkemoi,University of Nairobi,Nairobi City Campus,Law,LLB,3,F,22,Mombasa,79,16,3.46,6,6,21
Oscar,Odhiambo,Egerton University,Njoro Campus,Science,BSc Biology,1,M,19,Bomet,67,8,2.74,5,8,18
Brenda,Syokau,Maseno University,Main Campus,Business,BBM,2,F,20,Siaya,73,10,3.01,6,7,18
Leonard,Kiprop,JKUAT,Main Campus,IT,BSc IT,2,M,20,Kirinyaga,82,14,3.41,7,5,18
Monica,Wairimu,Strathmore University,Madaraka Campus,Business,BCom,4,F,24,Nairobi,90,19,3.82,8,3,24
Arthur,Musyoka,Mount Kenya University,Thika Campus,Business,BBA,1,M,19,Murang'a,71,9,2.89,6,7,18
Nancy,Atieno,Technical University of Kenya,Main Campus,IT,Diploma IT,3,F,21,Nairobi,75,12,3.09,7,6,21
Christopher,Kamau,USIU-Africa,Kasarani Campus,International Relations,BA IR,2,M,20,Nairobi,85,14,3.64,8,4,18
Damaris,Chepkoech,Daystar University,Athi River Campus,Business,BBA,4,F,23,Kitui,80,15,3.48,7,6,24
Patrick,Omondi,Kenyatta University,Main Campus,Science,BSc Statistics,4,M,23,Embu,84,17,3.40,7,6,24
Agnes,Muthoni,University of Nairobi,Nairobi City Campus,Law,LLB,3,F,22,Mombasa,79,16,3.46,6,6,21
Solomon,Kipkemboi,Egerton University,Njoro Campus,Science,BSc Biology,1,M,19,Bomet,67,8,2.74,5,8,18
Cynthia,Kawira,Maseno University,Main Campus,Business,BBM,2,F,20,Siaya,73,10,3.01,6,7,18
Michael,Wafula,JKUAT,Main Campus,IT,BSc IT,2,M,20,Kirinyaga,82,14,3.41,7,5,18
Beatrice,Mwikali,Strathmore University,Madaraka Campus,Business,BCom,4,F,24,Nairobi,90,19,3.82,8,3,24
Edwin,Mutua,Mount Kenya University,Thika Campus,Business,BBA,1,M,19,Murang'a,71,9,2.89,6,7,18
Miriam,Wanjiku,Technical University of Kenya,Main Campus,IT,Diploma IT,3,F,21,Nairobi,75,12,3.09,7,6,21
Paul,Mwangi,USIU-Africa,Kasarani Campus,International Relations,BA IR,2,M,20,Nairobi,85,14,3.64,8,4,18
Stacy,Akinyi,Daystar University,Athi River Campus,Business,BBA,4,F,23,Kitui,80,15,3.48,7,6,24
Simeon,Kariuki,Kenyatta University,Main Campus,Science,BSc Statistics,4,M,23,Embu,84,17,3.40,7,6,24
Judy,Chepkemoi,University of Nairobi,Nairobi City Campus,Law,LLB,3,F,22,Mombasa,79,16,3.46,6,6,21
Oscar,Odhiambo,Egerton University,Njoro Campus,Science,BSc Biology,1,M,19,Bomet,67,8,2.74,5,8,18
Brenda,Syokau,Maseno University,Main Campus,Business,BBM,2,F,20,Siaya,73,10,3.01,6,7,18
Leonard,Kiprop,JKUAT,Main Campus,IT,BSc IT,2,M,20,Kirinyaga,82,14,3.41,7,5,18
Monica,Wairimu,Strathmore University,Madaraka Campus,Business,BCom,4,F,24,Nairobi,90,19,3.82,8,3,24
Arthur,Musyoka,Mount Kenya University,Thika Campus,Business,BBA,1,M,19,Murang'a,71,9,2.89,6,7,18
Nancy,Atieno,Technical University of Kenya,Main Campus,IT,Diploma IT,3,F,21,Nairobi,75,12,3.09,7,6,21
Christopher,Kamau,USIU-Africa,Kasarani Campus,International Relations,BA IR,2,M,20,Nairobi,85,14,3.64,8,4,18
Damaris,Chepkoech,Daystar University,Athi River Campus,Business,BBA,4,F,23,Kitui,80,15,3.48,7,6,24
Patrick,Omondi,Kenyatta University,Main Campus,Science,BSc Statistics,4,M,23,Embu,84,17,3.40,7,6,24
Agnes,Muthoni,University of Nairobi,Nairobi City Campus,Law,LLB,3,F,22,Mombasa,79,16,3.46,6,6,21
Solomon,Kipkemboi,Egerton University,Njoro Campus,Science,BSc Biology,1,M,19,Bomet,67,8,2.74,5,8,18
Cynthia,Kawira,Maseno University,Main Campus,Business,BBM,2,F,20,Siaya,73,10,3.01,6,7,18
Michael,Wafula,JKUAT,Main Campus,IT,BSc IT,2,M,20,Kirinyaga,82,14,3.41,7,5,18
Beatrice,Mwikali,Strathmore University,Madaraka Campus,Business,BCom,4,F,24,Nairobi,90,19,3.82,8,3,24
Edwin,Mutua,Mount Kenya University,Thika Campus,Business,BBA,1,M,19,Murang'a,71,9,2.89,6,7,18
Miriam,Wanjiku,Technical University of Kenya,Main Campus,IT,Diploma IT,3,F,21,Nairobi,75,12,3.09,7,6,21
Paul,Mwangi,USIU-Africa,Kasarani Campus,International Relations,BA IR,2,M,20,Nairobi,85,14,3.64,8,4,18
Stacy,Akinyi,Daystar University,Athi River Campus,Business,BBA,4,F,23,Kitui,80,15,3.48,7,6,24
Simeon,Kariuki,Kenyatta University,Main Campus,Science,BSc Statistics,4,M,23,Embu,84,17,3.40,7,6,24
Judy,Chepkemoi,University of Nairobi,Nairobi City Campus,Law,LLB,3,F,22,Mombasa,79,16,3.46,6,6,21
Oscar,Odhiambo,Egerton University,Njoro Campus,Science,BSc Biology,1,M,19,Bomet,67,8,2.74,5,8,18
Brenda,Syokau,Maseno University,Main Campus,Business,BBM,2,F,20,Siaya,73,10,3.01,6,7,18
Leonard,Kiprop,JKUAT,Main Campus,IT,BSc IT,2,M,20,Kirinyaga,82,14,3.41,7,5,18
Monica,Wairimu,Strathmore University,Madaraka Campus,Business,BCom,4,F,24,Nairobi,90,19,3.82,8,3,24
Arthur,Musyoka,Mount Kenya University,Thika Campus,Business,BBA,1,M,19,Murang'a,71,9,2.89,6,7,18
Nancy,Atieno,Technical University of Kenya,Main Campus,IT,Diploma IT,3,F,21,Nairobi,75,12,3.09,7,6,21
Christopher,Kamau,USIU-Africa,Kasarani Campus,International Relations,BA IR,2,M,20,Nairobi,85,14,3.64,8,4,18
Damaris,Chepkoech,Daystar University,Athi River Campus,Business,BBA,4,F,23,Kitui,80,15,3.48,7,6,24
Patrick,Omondi,Kenyatta University,Main Campus,Science,BSc Statistics,4,M,23,Embu,84,17,3.40,7,6,24
Agnes,Muthoni,University of Nairobi,Nairobi City Campus,Law,LLB,3,F,22,Mombasa,79,16,3.46,6,6,21
Solomon,Kipkemboi,Egerton University,Njoro Campus,Science,BSc Biology,1,M,19,Bomet,67,8,2.74,5,8,18
Cynthia,Kawira,Maseno University,Main Campus,Business,BBM,2,F,20,Siaya,73,10,3.01,6,7,18
Michael,Wafula,JKUAT,Main Campus,IT,BSc IT,2,M,20,Kirinyaga,82,14,3.41,7,5,18
Beatrice,Mwikali,Strathmore University,Madaraka Campus,Business,BCom,4,F,24,Nairobi,90,19,3.82,8,3,24
Edwin,Mutua,Mount Kenya University,Thika Campus,Business,BBA,1,M,19,Murang'a,71,9,2.89,6,7,18
Miriam,Wanjiku,Technical University of Kenya,Main Campus,IT,Diploma IT,3,F,21,Nairobi,75,12,3.09,7,6,21
Paul,Mwangi,USIU-Africa,Kasarani Campus,International Relations,BA IR,2,M,20,Nairobi,85,14,3.64,8,4,18
Stacy,Akinyi,Daystar University,Athi River Campus,Business,BBA,4,F,23,Kitui,80,15,3.48,7,6,24
Simeon,Kariuki,Kenyatta University,Main Campus,Science,BSc Statistics,4,M,23,Embu,84,17,3.40,7,6,24
Judy,Chepkemoi,University of Nairobi,Nairobi City Campus,Law,LLB,3,F,22,Mombasa,79,16,3.46,6,6,21
Oscar,Odhiambo,Egerton University,Njoro Campus,Science,BSc Biology,1,M,19,Bomet,67,8,2.74,5,8,18
Brenda,Syokau,Maseno University,Main Campus,Business,BBM,2,F,20,Siaya,73,10,3.01,6,7,18
Leonard,Kiprop,JKUAT,Main Campus,IT,BSc IT,2,M,20,Kirinyaga,82,14,3.41,7,5,18
Monica,Wairimu,Strathmore University,Madaraka Campus,Business,BCom,4,F,24,Nairobi,90,19,3.82,8,3,24
Arthur,Musyoka,Mount Kenya University,Thika Campus,Business,BBA,1,M,19,Murang'a,71,9,2.89,6,7,18
Nancy,Atieno,Technical University of Kenya,Main Campus,IT,Diploma IT,3,F,21,Nairobi,75,12,3.09,7,6,21
Christopher,Kamau,USIU-Africa,Kasarani Campus,International Relations,BA IR,2,M,20,Nairobi,85,14,3.64,8,4,18
Damaris,Chepkoech,Daystar University,Athi River Campus,Business,BBA,4,F,23,Kitui,80,15,3.48,7,6,24
Patrick,Omondi,Kenyatta University,Main Campus,Science,BSc Statistics,4,M,23,Embu,84,17,3.40,7,6,24
Agnes,Muthoni,University of Nairobi,Nairobi City Campus,Law,LLB,3,F,22,Mombasa,79,16,3.46,6,6,21
Solomon,Kipkemboi,Egerton University,Njoro Campus,Science,BSc Biology,1,M,19,Bomet,67,8,2.74,5,8,18
Cynthia,Kawira,Maseno University,Main Campus,Business,BBM,2,F,20,Siaya,73,10,3.01,6,7,18
Michael,Wafula,JKUAT,Main Campus,IT,BSc IT,2,M,20,Kirinyaga,82,14,3.41,7,5,18
Beatrice,Mwikali,Strathmore University,Madaraka Campus,Business,BCom,4,F,24,Nairobi,90,19,3.82,8,3,24
Edwin,Mutua,Mount Kenya University,Thika Campus,Business,BBA,1,M,19,Murang'a,71,9,2.89,6,7,18
Miriam,Wanjiku,Technical University of Kenya,Main Campus,IT,Diploma IT,3,F,21,Nairobi,75,12,3.09,7,6,21
Paul,Mwangi,USIU-Africa,Kasarani Campus,International Relations,BA IR,2,M,20,Nairobi,85,14,3.64,8,4,18
Stacy,Akinyi,Daystar University,Athi River Campus,Business,BBA,4,F,23,Kitui,80,15,3.48,7,6,24
Simeon,Kariuki,Kenyatta University,Main Campus,Science,BSc Statistics,4,M,23,Embu,84,17,3.40,7,6,24
Judy,Chepkemoi,University of Nairobi,Nairobi City Campus,Law,LLB,3,F,22,Mombasa,79,16,3.46,6,6,21
Oscar,Odhiambo,Egerton University,Njoro Campus,Science,BSc Biology,1,M,19,Bomet,67,8,2.74,5,8,18
Brenda,Syokau,Maseno University,Main Campus,Business,BBM,2,F,20,Siaya,73,10,3.01,6,7,18
Leonard,Kiprop,JKUAT,Main Campus,IT,BSc IT,2,M,20,Kirinyaga,82,14,3.41,7,5,18
Monica,Wairimu,Strathmore University,Madaraka Campus,Business,BCom,4,F,24,Nairobi,90,19,3.82,8,3,24
Arthur,Musyoka,Mount Kenya University,Thika Campus,Business,BBA,1,M,19,Murang'a,71,9,2.89,6,7,18
Nancy,Atieno,Technical University of Kenya,Main Campus,IT,Diploma IT,3,F,21,Nairobi,75,12,3.09,7,6,21
Christopher,Kamau,USIU-Africa,Kasarani Campus,International Relations,BA IR,2,M,20,Nairobi,85,14,3.64,8,4,18
Damaris,Chepkoech,Daystar University,Athi River Campus,Business,BBA,4,F,23,Kitui,80,15,3.48,7,6,24
Patrick,Omondi,Kenyatta University,Main Campus,Science,BSc Statistics,4,M,23,Embu,84,17,3.40,7,6,24
Agnes,Muthoni,University of Nairobi,Nairobi City Campus,Law,LLB,3,F,22,Mombasa,79,16,3.46,6,6,21
Solomon,Kipkemboi,Egerton University,Njoro Campus,Science,BSc Biology,1,M,19,Bomet,67,8,2.74,5,8,18
Cynthia,Kawira,Maseno University,Main Campus,Business,BBM,2,F,20,Siaya,73,10,3.01,6,7,18
Michael,Wafula,JKUAT,Main Campus,IT,BSc IT,2,M,20,Kirinyaga,82,14,3.41,7,5,18
Beatrice,Mwikali,Strathmore University,Madaraka Campus,Business,BCom,4,F,24,Nairobi,90,19,3.82,8,3,24
Edwin,Mutua,Mount Kenya University,Thika Campus,Business,BBA,1,M,19,Murang'a,71,9,2.89,6,7,18
Miriam,Wanjiku,Technical University of Kenya,Main Campus,IT,Diploma IT,3,F,21,Nairobi,75,12,3.09,7,6,21
Paul,Mwangi,USIU-Africa,Kasarani Campus,International Relations,BA IR,2,M,20,Nairobi,85,14,3.64,8,4,18
Stacy,Akinyi,Daystar University,Athi River Campus,Business,BBA,4,F,23,Kitui,80,15,3.48,7,6,24
Simeon,Kariuki,Kenyatta University,Main Campus,Science,BSc Statistics,4,M,23,Embu,84,17,3.40,7,6,24
Judy,Chepkemoi,University of Nairobi,Nairobi City Campus,Law,LLB,3,F,22,Mombasa,79,16,3.46,6,6,21
Oscar,Odhiambo,Egerton University,Njoro Campus,Science,BSc Biology,1,M,19,Bomet,67,8,2.74,5,8,18
Brenda,Syokau,Maseno University,Main Campus,Business,BBM,2,F,20,Siaya,73,10,3.01,6,7,18
Leonard,Kiprop,JKUAT,Main Campus,IT,BSc IT,2,M,20,Kirinyaga,82,14,3.41,7,5,18
Monica,Wairimu,Strathmore University,Madaraka Campus,Business,BCom,4,F,24,Nairobi,90,19,3.82,8,3,24
Arthur,Musyoka,Mount Kenya University,Thika Campus,Business,BBA,1,M,19,Murang'a,71,9,2.89,6,7,18
Nancy,Atieno,Technical University of Kenya,Main Campus,IT,Diploma IT,3,F,21,Nairobi,75,12,3.09,7,6,21
Christopher,Kamau,USIU-Africa,Kasarani Campus,International Relations,BA IR,2,M,20,Nairobi,85,14,3.64,8,4,18
Damaris,Chepkoech,Daystar University,Athi River Campus,Business,BBA,4,F,23,Kitui,80,15,3.48,7,6,24
Patrick,Omondi,Kenyatta University,Main Campus,Science,BSc Statistics,4,M,23,Embu,84,17,3.40,7,6,24
Agnes,Muthoni,University of Nairobi,Nairobi City Campus,Law,LLB,3,F,22,Mombasa,79,16,3.46,6,6,21
Solomon,Kipkemboi,Egerton University,Njoro Campus,Science,BSc Biology,1,M,19,Bomet,67,8,2.74,5,8,18
Cynthia,Kawira,Maseno University,Main Campus,Business,BBM,2,F,20,Siaya,73,10,3.01,6,7,18
Michael,Wafula,JKUAT,Main Campus,IT,BSc IT,2,M,20,Kirinyaga,82,14,3.41,7,5,18
Beatrice,Mwikali,Strathmore University,Madaraka Campus,Business,BCom,4,F,24,Nairobi,90,19,3.82,8,3,24
Edwin,Mutua,Mount Kenya University,Thika Campus,Business,BBA,1,M,19,Murang'a,71,9,2.89,6,7,18
Miriam,Wanjiku,Technical University of Kenya,Main Campus,IT,Diploma IT,3,F,21,Nairobi,75,12,3.09,7,6,21
Paul,Mwangi,USIU-Africa,Kasarani Campus,International Relations,BA IR,2,M,20,Nairobi,85,14,3.64,8,4,18
Stacy,Akinyi,Daystar University,Athi River Campus,Business,BBA,4,F,23,Kitui,80,15,3.48,7,6,24
Simeon,Kariuki,Kenyatta University,Main Campus,Science,BSc Statistics,4,M,23,Embu,84,17,3.40,7,6,24
Judy,Chepkemoi,University of Nairobi,Nairobi City Campus,Law,LLB,3,F,22,Mombasa,79,16,3.46,6,6,21
Oscar,Odhiambo,Egerton University,Njoro Campus,Science,BSc Biology,1,M,19,Bomet,67,8,2.74,5,8,18
Brenda,Syokau,Maseno University,Main Campus,Business,BBM,2,F,20,Siaya,73,10,3.01,6,7,18
Leonard,Kiprop,JKUAT,Main Campus,IT,BSc IT,2,M,20,Kirinyaga,82,14,3.41,7,5,18
Monica,Wairimu,Strathmore University,Madaraka Campus,Business,BCom,4,F,24,Nairobi,90,19,3.82,8,3,24
Arthur,Musyoka,Mount Kenya University,Thika Campus,Business,BBA,1,M,19,Murang'a,71,9,2.89,6,7,18
Nancy,Atieno,Technical University of Kenya,Main Campus,IT,Diploma IT,3,F,21,Nairobi,75,12,3.09,7,6,21
Christopher,Kamau,USIU-Africa,Kasarani Campus,International Relations,BA IR,2,M,20,Nairobi,85,14,3.64,8,4,18
Damaris,Chepkoech,Daystar University,Athi River Campus,Business,BBA,4,F,23,Kitui,80,15,3.48,7,6,24
Patrick,Omondi,Kenyatta University,Main Campus,Science,BSc Statistics,4,M,23,Embu,84,17,3.40,7,6,24
Agnes,Muthoni,University of Nairobi,Nairobi City Campus,Law,LLB,3,F,22,Mombasa,79,16,3.46,6,6,21
Solomon,Kipkemboi,Egerton University,Njoro Campus,Science,BSc Biology,1,M,19,Bomet,67,8,2.74,5,8,18
Cynthia,Kawira,Maseno University,Main Campus,Business,BBM,2,F,20,Siaya,73,10,3.01,6,7,18
Michael,Wafula,JKUAT,Main Campus,IT,BSc IT,2,M,20,Kirinyaga,82,14,3.41,7,5,18
Beatrice,Mwikali,Strathmore University,Madaraka Campus,Business,BCom,4,F,24,Nairobi,90,19,3.82,8,3,24
Edwin,Mutua,Mount Kenya University,Thika Campus,Business,BBA,1,M,19,Murang'a,71,9,2.89,6,7,18
Miriam,Wanjiku,Technical University of Kenya,Main Campus,IT,Diploma IT,3,F,21,Nairobi,75,12,3.09,7,6,21
Paul,Mwangi,USIU-Africa,Kasarani Campus,International Relations,BA IR,2,M,20,Nairobi,85,14,3.64,8,4,18
Stacy,Akinyi,Daystar University,Athi River Campus,Business,BBA,4,F,23,Kitui,80,15,3.48,7,6,24
Simeon,Kariuki,Kenyatta University,Main Campus,Science,BSc Statistics,4,M,23,Embu,84,17,3.40,7,6,24
Judy,Chepkemoi,University of Nairobi,Nairobi City Campus,Law,LLB,3,F,22,Mombasa,79,16,3.46,6,6,21
Oscar,Odhiambo,Egerton University,Njoro Campus,Science,BSc Biology,1,M,19,Bomet,67,8,2.74,5,8,18
Brenda,Syokau,Maseno University,Main Campus,Business,BBM,2,F,20,Siaya,73,10,3.01,6,7,18
Leonard,Kiprop,JKUAT,Main Campus,IT,BSc IT,2,M,20,Kirinyaga,82,14,3.41,7,5,18
Monica,Wairimu,Strathmore University,Madaraka Campus,Business,BCom,4,F,24,Nairobi,90,19,3.82,8,3,24
Arthur,Musyoka,Mount Kenya University,Thika Campus,Business,BBA,1,M,19,Murang'a,71,9,2.89,6,7,18
Nancy,Atieno,Technical University of Kenya,Main Campus,IT,Diploma IT,3,F,21,Nairobi,75,12,3.09,7,6,21
Christopher,Kamau,USIU-Africa,Kasarani Campus,International Relations,BA IR,2,M,20,Nairobi,85,14,3.64,8,4,18
Damaris,Chepkoech,Daystar University,Athi River Campus,Business,BBA,4,F,23,Kitui,80,15,3.48,7,6,24
Patrick,Omondi,Kenyatta University,Main Campus,Science,BSc Statistics,4,M,23,Embu,84,17,3.40,7,6,24
Agnes,Muthoni,University of Nairobi,Nairobi City Campus,Law,LLB,3,F,22,Mombasa,79,16,3.46,6,6,21
Solomon,Kipkemboi,Egerton University,Njoro Campus,Science,BSc Biology,1,M,19,Bomet,67,8,2.74,5,8,18
Cynthia,Kawira,Maseno University,Main Campus,Business,BBM,2,F,20,Siaya,73,10,3.01,6,7,18
Michael,Wafula,JKUAT,Main Campus,IT,BSc IT,2,M,20,Kirinyaga,82,14,3.41,7,5,18
Beatrice,Mwikali,Strathmore University,Madaraka Campus,Business,BCom,4,F,24,Nairobi,90,19,3.82,8,3,24
Edwin,Mutua,Mount Kenya University,Thika Campus,Business,BBA,1,M,19,Murang'a,71,9,2.89,6,7,18
Miriam,Wanjiku,Technical University of Kenya,Main Campus,IT,Diploma IT,3,F,21,Nairobi,75,12,3.09,7,6,21
Paul,Mwangi,USIU-Africa,Kasarani Campus,International Relations,BA IR,2,M,20,Nairobi,85,14,3.64,8,4,18
Stacy,Akinyi,Daystar University,Athi River Campus,Business,BBA,4,F,23,Kitui,80,15,3.48,7,6,24
Simeon,Kariuki,Kenyatta University,Main Campus,Science,BSc Statistics,4,M,23,Embu,84,17,3.40,7,6,24
Judy,Chepkemoi,University of Nairobi,Nairobi City Campus,Law,LLB,3,F,22,Mombasa,79,16,3.46,6,6,21
Oscar,Odhiambo,Egerton University,Njoro Campus,Science,BSc Biology,1,M,19,Bomet,67,8,2.74,5,8,18
Brenda,Syokau,Maseno University,Main Campus,Business,BBM,2,F,20,Siaya,73,10,3.01,6,7,18
Leonard,Kiprop,JKUAT,Main Campus,IT,BSc IT,2,M,20,Kirinyaga,82,14,3.41,7,5,18
Monica,Wairimu,Strathmore University,Madaraka Campus,Business,BCom,4,F,24,Nairobi,90,19,3.82,8,3,24
Arthur,Musyoka,Mount Kenya University,Thika Campus,Business,BBA,1,M,19,Murang'a,71,9,2.89,6,7,18
Nancy,Atieno,Technical University of Kenya,Main Campus,IT,Diploma IT,3,F,21,Nairobi,75,12,3.09,7,6,21
Christopher,Kamau,USIU-Africa,Kasarani Campus,International Relations,BA IR,2,M,20,Nairobi,85,14,3.64,8,4,18
Damaris,Chepkoech,Daystar University,Athi River Campus,Business,BBA,4,F,23,Kitui,80,15,3.48,7,6,24
Patrick,Omondi,Kenyatta University,Main Campus,Science,BSc Statistics,4,M,23,Embu,84,17,3.40,7,6,24
Agnes,Muthoni,University of Nairobi,Nairobi City Campus,Law,LLB,3,F,22,Mombasa,79,16,3.46,6,6,21
Solomon,Kipkemboi,Egerton University,Njoro Campus,Science,BSc Biology,1,M,19,Bomet,67,8,2.74,5,8,18
Cynthia,Kawira,Maseno University,Main Campus,Business,BBM,2,F,20,Siaya,73,10,3.01,6,7,18
Michael,Wafula,JKUAT,Main Campus,IT,BSc IT,2,M,20,Kirinyaga,82,14,3.41,7,5,18
Beatrice,Mwikali,Strathmore University,Madaraka Campus,Business,BCom,4,F,24,Nairobi,90,19,3.82,8,3,24
Edwin,Mutua,Mount Kenya University,Thika Campus,Business,BBA,1,M,19,Murang'a,71,9,2.89,6,7,18
Miriam,Wanjiku,Technical University of Kenya,Main Campus,IT,Diploma IT,3,F,21,Nairobi,75,12,3.09,7,6,21
Paul,Mwangi,USIU-Africa,Kasarani Campus,International Relations,BA IR,2,M,20,Nairobi,85,14,3.64,8,4,18
Stacy,Akinyi,Daystar University,Athi River Campus,Business,BBA,4,F,23,Kitui,80,15,3.48,7,6,24
Simeon,Kariuki,Kenyatta University,Main Campus,Science,BSc Statistics,4,M,23,Embu,84,17,3.40,7,6,24
Judy,Chepkemoi,University of Nairobi,Nairobi City Campus,Law,LLB,3,F,22,Mombasa,79,16,3.46,6,6,21
Oscar,Odhiambo,Egerton University,Njoro Campus,Science,BSc Biology,1,M,19,Bomet,67,8,2.74,5,8,18
Brenda,Syokau,Maseno University,Main Campus,Business,BBM,2,F,20,Siaya,73,10,3.01,6,7,18
Leonard,Kiprop,JKUAT,Main Campus,IT,BSc IT,2,M,20,Kirinyaga,82,14,3.41,7,5,18
Monica,Wairimu,Strathmore University,Madaraka Campus,Business,BCom,4,F,24,Nairobi,90,19,3.82,8,3,24
Arthur,Musyoka,Mount Kenya University,Thika Campus,Business,BBA,1,M,19,Murang'a,71,9,2.89,6,7,18
Nancy,Atieno,Technical University of Kenya,Main Campus,IT,Diploma IT,3,F,21,Nairobi,75,12,3.09,7,6,21
Christopher,Kamau,USIU-Africa,Kasarani Campus,International Relations,BA IR,2,M,20,Nairobi,85,14,3.64,8,4,18
Damaris,Chepkoech,Daystar University,Athi River Campus,Business,BBA,4,F,23,Kitui,80,15,3.48,7,6,24
Patrick,Omondi,Kenyatta University,Main Campus,Science,BSc Statistics,4,M,23,Embu,84,17,3.40,7,6,24
Agnes,Muthoni,University of Nairobi,Nairobi City Campus,Law,LLB,3,F,22,Mombasa,79,16,3.46,6,6,21
Solomon,Kipkemboi,Egerton University,Njoro Campus,Science,BSc Biology,1,M,19,Bomet,67,8,2.74,5,8,18
Cynthia,Kawira,Maseno University,Main Campus,Business,BBM,2,F,20,Siaya,73,10,3.01,6,7,18
Michael,Wafula,JKUAT,Main Campus,IT,BSc IT,2,M,20,Kirinyaga,82,14,3.41,7,5,18
Beatrice,Mwikali,Strathmore University,Madaraka Campus,Business,BCom,4,F,24,Nairobi,90,19,3.82,8,3,24
Edwin,Mutua,Mount Kenya University,Thika Campus,Business,BBA,1,M,19,Murang'a,71,9,2.89,6,7,18
Miriam,Wanjiku,Technical University of Kenya,Main Campus,IT,Diploma IT,3,F,21,Nairobi,75,12,3.09,7,6,21
Paul,Mwangi,USIU-Africa,Kasarani Campus,International Relations,BA IR,2,M,20,Nairobi,85,14,3.64,8,4,18
Stacy,Akinyi,Daystar University,Athi River Campus,Business,BBA,4,F,23,Kitui,80,15,3.48,7,6,24
Simeon,Kariuki,Kenyatta University,Main Campus,Science,BSc Statistics,4,M,23,Embu,84,17,3.40,7,6,24
